<?xml version="1.0" encoding="UTF-8"?>

<AllergyIntolerance xmlns="http://hl7.org/fhir">
  <id value="MikePondMedicationAllergy"/>
  <meta>
    <profile value="https://healthinfoservices.site/helloconnectathon/StructureDefinition/HIAllergy"/>
  </meta>
  <text>
    <status value="generated"/><div xmlns="http://www.w3.org/1999/xhtml"><p class="res-header-id"><b>Generated Narrative: AllergyIntolerance MikePondMedicationAllergy</b></p><a name="MikePondMedicationAllergy"> </a><a name="hcMikePondMedicationAllergy"> </a><div style="display: inline-block; background-color: #d9e0e7; padding: 6px; margin: 4px; border: 1px solid #8da1b4; border-radius: 5px; line-height: 60%"><p style="margin-bottom: 0px"/><p style="margin-bottom: 0px">Profile: <a href="StructureDefinition-HIAllergy.html">HIAllergy</a></p></div><p><b>clinicalStatus</b>: <span title="Codes:{http://terminology.hl7.org/CodeSystem/allergyintolerance-clinical active}">Active</span></p><p><b>verificationStatus</b>: <span title="Codes:{http://terminology.hl7.org/CodeSystem/allergyintolerance-verification confirmed}">Confirmed</span></p><p><b>category</b>: Medication</p><p><b>criticality</b>: High Risk</p><p><b>code</b>: <span title="Codes:{http://snomed.info/sct 293779007}">Carboplatin</span></p><p><b>patient</b>: <a href="Patient-MikePondPatient.html">Mike Pond  Male, DoB: 1960-01-25 ( National unique individual identifier (use: official, ))</a></p><h3>Reactions</h3><table class="grid"><tr><td style="display: none">-</td><td><b>Manifestation</b></td><td><b>Severity</b></td></tr><tr><td style="display: none">*</td><td><span title="Codes:{http://snomed.info/sct 39579001}">Anaphylaxis</span></td><td>Severe</td></tr></table></div>
  </text>
  <clinicalStatus>
    <coding>
      <system value="http://terminology.hl7.org/CodeSystem/allergyintolerance-clinical"/>
      <code value="active"/>
      <display value="Active"/>
    </coding>
  </clinicalStatus>
  <verificationStatus>
    <coding>
      <system value="http://terminology.hl7.org/CodeSystem/allergyintolerance-verification"/>
      <code value="confirmed"/>
      <display value="Confirmed"/>
    </coding>
  </verificationStatus>
  <category value="medication"/>
  <criticality value="high"/>
  <code>
    <coding>
      <system value="http://snomed.info/sct"/>
      <code value="293779007"/>
      <display value="Carboplatin allergy"/>
    </coding>
    <text value="Carboplatin"/>
  </code>
  <patient>
    <reference value="Patient/MikePondPatient"/>
  </patient>
  <reaction>
    <manifestation>
      <coding>
        <system value="http://snomed.info/sct"/>
        <code value="39579001"/>
        <display value="Anaphylaxis"/>
      </coding>
    </manifestation>
    <severity value="severe"/>
  </reaction>
</AllergyIntolerance>