{
  "resourceType" : "Patient",
  "id" : "MikePondPatient",
  "meta" : {
    "profile" : ["https://healthinfoservices.site/helloconnectathon/StructureDefinition/HIPatient"]
  },
  "text" : {
    "status" : "generated",
    "div" : "<div xmlns=\"http://www.w3.org/1999/xhtml\"><p class=\"res-header-id\"><b>Generated Narrative: Patient MikePondPatient</b></p><a name=\"MikePondPatient\"> </a><a name=\"hcMikePondPatient\"> </a><div style=\"display: inline-block; background-color: #d9e0e7; padding: 6px; margin: 4px; border: 1px solid #8da1b4; border-radius: 5px; line-height: 60%\"><p style=\"margin-bottom: 0px\"/><p style=\"margin-bottom: 0px\">Profile: <a href=\"StructureDefinition-HIPatient.html\">HIPatient</a></p></div><p style=\"border: 1px #661aff solid; background-color: #e6e6ff; padding: 10px;\">Mike Pond  Male, DoB: 1960-01-25 ( National unique individual identifier\u00a0(use:\u00a0official,\u00a0))</p><hr/><table class=\"grid\"><tr><td style=\"background-color: #f3f5da\" title=\"Ways to contact the Patient\">Contact Detail</td><td colspan=\"3\"><a href=\"tel:+61444123456\">+61 444 123456</a></td></tr><tr><td style=\"background-color: #f3f5da\" title=\"Patient Links\">Links:</td><td colspan=\"3\"><ul><li>General Practitioner: <a href=\"Practitioner-DoctorPayne.html\">Practitioner Jane Payne </a></li><li>Managing Organization: <a href=\"Organization-VeryRemoteClinic.html\">Organization Very Remote Health Clinic</a></li></ul></td></tr><tr><td style=\"background-color: #f3f5da\" title=\"This extension applies to the Patient, Person, and RelatedPerson resources and is used to indicate whether a person identifies as being of Aboriginal or Torres Strait Islander origin.\"><a href=\"http://hl7.org.au/fhir/5.0.0/StructureDefinition-indigenous-status.html\">Australian Indigenous Status</a></td><td colspan=\"3\">australian-indigenous-status-1 3: Both Aboriginal and Torres Strait Islander origin</td></tr></table></div>"
  },
  "extension" : [{
    "url" : "http://hl7.org.au/fhir/StructureDefinition/indigenous-status",
    "valueCoding" : {
      "system" : "https://healthterminologies.gov.au/fhir/CodeSystem/australian-indigenous-status-1",
      "code" : "3",
      "display" : "Both Aboriginal and Torres Strait Islander origin"
    }
  }],
  "identifier" : [{
    "use" : "official",
    "type" : {
      "coding" : [{
        "system" : "http://terminology.hl7.org/CodeSystem/v2-0203",
        "code" : "NI"
      }]
    },
    "system" : "http://ns.electronichealth.net.au/id/hi/ihi/1.0",
    "value" : "8003608833357361"
  }],
  "name" : [{
    "family" : "Pond",
    "given" : ["Mike"]
  }],
  "telecom" : [{
    "system" : "phone",
    "value" : "+61 444 123456"
  }],
  "gender" : "male",
  "birthDate" : "1960-01-25",
  "generalPractitioner" : [{
    "reference" : "Practitioner/DoctorPayne"
  }],
  "managingOrganization" : {
    "reference" : "Organization/VeryRemoteClinic"
  }
}